USE Ramen_Shop
GO

--DML to Fill Master Table
INSERT INTO MsCustomer VALUES 
('CU001','Irfan Farras Nasution','2000-04-04','Male','Untung Suropati Street','088211400244'),
('CU002','Wika Utami','2000-07-15','Female','Sawah Besar Street','085611240244'),
('CU003','Kevin Andriantha','1994-05-10','Male','Pusaka Street','081265748907'),
('CU004','Anisah Fadhilah Zain','1987-07-04','Female','Semanan Street','087780975436'),
('CU005','Muhammad Nur Fadli','2001-11-05','Male','Kebayoran Street','081289761234'),
('CU006','Shafa Tasya Salsadila','1999-12-08','Female','Pasar Lama Street','088119874564'),
('CU007','Arfan Ibrahim Akbar','2001-07-15','Male','Pasar Udang Street','08521302456'),
('CU008','Faindah Kurnia','2005-02-08','Female','Pasar Malabar Street','085314560987'),
('CU009','Demian Aditya','1995-01-06','Male','Pasar Tanah Abang Street','085811470979'),
('CU010','Riris Andriani Prambudi','2005-05-04','Female','Pasar Baru Street','081211223344')

INSERT INTO MsStaff VALUES 
('ST001','Dini Utomo','Female','1990-08-01','085618713456','Mulya Sari Street',1500000),
('ST002','Rahmaditya Widyarini','Female','1985-03-10','081283647195','Jakarta Street',1500000),
('ST003','Budi Santoso','Male','1976-05-15','081378954356','Pabuaran Street',1500000),
('ST004','Fajar Budi Sulistyo','Female','1969-01-25','085217619708','Dayang Sumbi Street',2000000),
('ST005','Rouli Puspita Sari','Female','1977-10-14','085811475076','Keraton Street',2500000),
('ST006','Nur Rachmat Saputra','Male','1980-12-20','088923425446','Kakap IV Street',2500000),
('ST007','Febriansyah Nuril','Male','1992-08-10','088114502435','Bandeng III Street',3500000),
('ST008','Ardiansyah Sulistyo','Male','1987-11-23','0857','Sahara Veloz Street',2500000),
('ST009','Anisah Mega Utami','Female','2000-07-13','085618713456','Mangan Street',3500000),
('ST010','Rahmaditya Ragil','Male','2001-09-12','085618713456','Taman Buah Street',3500000)

INSERT INTO MsSupplier VALUES
('SP001','Anugerah Putra','Ruko Daan Mogot Street','021123456789'),
('SP002','Indoofood Perkasa Abadi','Parang Tritis Street','021098721231'),
('SP003','Gracindo Utama','Karawaci Street','021234576543'),
('SP004','Orang Tua','Palem Manis Street','021098754356'),
('SP005','Unilever Sejahtera','Kebayoran Lama Street','021098712349'),
('SP006','Wings Indonesia','Cengkareng Street','021001200286'),
('SP007','Japan Food Commercil','Kristal Street','0212341009876'),
('SP008','Elang Baru','Chemical Street','021123456789'),
('SP009','Abdi Sentosa','Bandeng V Street','021547608761'),
('SP010','Japan Mie','Gondangdia Street','021554333231')	

INSERT INTO MsRamen VALUES
('RA001','Ichibaku Ramen',50000.00),
('RA002','Kaguro Ramen',45000.00),
('RA003','Tsakubachi Ramen',100000.00),
('RA004','Kunoichi Ramen',90000.00),
('RA005','Shinobi Ramen',80000.00),
('RA006','Tsakura Ramen',75000.00),
('RA007','Denki Ramen',60000.00),
('RA008','Karatsuki Ramen',30000.00),
('RA009','Akatsuki Ramen',68000.00),
('RA010','Isshiki Ramen',120000.00)

INSERT INTO MsIngredient VALUES 
('RI001','Minyak',8),
('RI002','Bawang Putih',5),
('RI003','Jahe',7),
('RI004','Daun Bawang',6),
('RI005','Cabai Rawit',8),
('RI006','Daging Sapi Cincang',3),
('RI007','Kacang Halus',4),
('RI008','Garam',30),
('RI009','Merica Bubuk',7),
('RI010','Gula Pasir',10),
('RI011','Kecap Manis',25),
('RI012','Telur', 10),
('RI013','Udang',20),
('RI014','Mie',12),
('RI015','Jamur',2)

--DML to Fill Transaction Table
INSERT INTO HeaderSalesTransaction VALUES
('SL001','ST001','CU001','2016-10-03'),
('SL002','ST001','CU001','2016-09-02'),
('SL003','ST002','CU001','2016-08-03'),
('SL004','ST002','CU002','2017-07-03'),
('SL005','ST003','CU002','2018-03-03'),
('SL006','ST003','CU002','2018-05-06'),
('SL007','ST004','CU003','2016-04-03'),
('SL008','ST004','CU004','2016-03-08'),
('SL009','ST005','CU005','2014-02-09'),
('SL010','ST005','CU005','2013-01-13'),
('SL011','ST006','CU007','2012-11-11'),
('SL012','ST007','CU008','2019-11-03'),
('SL013','ST008','CU009','2016-10-03'),
('SL014','ST009','CU010','2016-09-14'),
('SL015','ST010','CU010','2016-08-15'),
('SL016','ST010','CU004','2016-08-15')

INSERT INTO HeaderPurchaseTransaction VALUES
('PU001','ST001','SP010','2017-01-25'),
('PU002','ST008','SP009','2012-02-24'),
('PU003','ST002','SP008','2017-03-23'),
('PU004','ST008','SP007','2014-04-22'),
('PU005','ST003','SP006','2017-05-21'),
('PU006','ST008','SP005','2016-06-20'),
('PU007','ST004','SP004','2017-07-19'),
('PU008','ST004','SP003','2016-08-18'),
('PU009','ST005','SP002','2017-09-17'),
('PU010','ST005','SP001','2016-10-16'),
('PU011','ST006','SP002','2017-11-15'),
('PU012','ST006','SP003','2019-12-14'),
('PU013','ST007','SP004','2017-01-13'),
('PU014','ST007','SP005','2014-02-12'),
('PU015','ST010','SP006','2017-03-11')

--DML to Fill Transaction Detail Table
INSERT INTO DetailSalesTransaction VALUES	
('SL001','RA001',15),
('SL001','RA002',12),
('SL001','RA003',11),
('SL002','RA004',10),
('SL002','RA005',9),
('SL002','RA006',8),
('SL003','RA007',1),
('SL003','RA008',2),
('SL003','RA009',7),
('SL004','RA010',15),
('SL004','RA009',17),
('SL004','RA008',20),
('SL005','RA007',1),
('SL005','RA006',2),
('SL006','RA005',3),
('SL006','RA004',1),
('SL007','RA003',2),
('SL007','RA002',3),
('SL008','RA001',1),
('SL008','RA002',2),
('SL009','RA003',3),
('SL009','RA004',1),
('SL010','RA005',2),
('SL010','RA006',3),
('SL010','RA007',1),
('SL010','RA008',3),
('SL010','RA009',1),
('SL011','RA010',3),
('SL011','RA001',1),
('SL012','RA002',3),
('SL012','RA003',1),
('SL013','RA004',3),
('SL013','RA005',1),
('SL014','RA006',3),
('SL014','RA007',1),
('SL015','RA008',3),
('SL015','RA009',1)

INSERT INTO DetailPurchaseTransaction VALUES
('PU001','RI010',15),
('PU001','RI009',13),
('PU002','RI008',14),
('PU002','RI007',15),
('PU003','RI006',16),
('PU003','RI005',13),
('PU004','RI008',14),
('PU004','RI003',15),
('PU005','RI002',16),
('PU005','RI001',17),
('PU006','RI010',16),
('PU006','RI011',15),
('PU007','RI012',12),
('PU007','RI013',14),
('PU008','RI014',15),
('PU008','RI015',12),
('PU009','RI014',15),
('PU009','RI013',15),
('PU010','RI012',10),
('PU010','RI011',17),
('PU011','RI010',17),
('PU011','RI009',18),
('PU012','RI008',18),
('PU012','RI007',19),
('PU013','RI006',10),
('PU013','RI005',10),
('PU013','RI004',12),
('PU014','RI003',12),
('PU014','RI002',10),
('PU014','RI001',11),
('PU014','RI010',5),
('PU015','RI001',8),
('PU015','RI002',5),
('PU015','RI003',4),
('PU015','RI005',5)

INSERT INTO RecipeDetail VALUES
('RA001','RI010',2),
('RA001','RI009',3),
('RA001','RI003',1),
('RA001','RI004',2),
('RA001','RI005',3),
('RA001','RI014',2),
('RA002','RI001',1),
('RA002','RI002',3),
('RA002','RI003',2),
('RA002','RI005',2),
('RA002','RI006',3),
('RA002','RI014',2),
('RA003','RI005',3),
('RA003','RI006',2), 
('RA003','RI007',2),
('RA003','RI014',3), 
('RA004','RI009',1),
('RA004','RI010',2),
('RA004','RI011',2),
('RA004','RI012',4),
('RA004','RI014',2),
('RA005','RI001',1), 
('RA005','RI005',3),
('RA005','RI007',2),
('RA005','RI014',1),
('RA006','RI008',3),
('RA006','RI010',2),
('RA006','RI015',1),
('RA006','RI005',3),
('RA006','RI007',4),
('RA007','RI015',5),
('RA007','RI003',1),
('RA007','RI007',3),
('RA007','RI001',2),
('RA007','RI005',4),
('RA008','RI006',3),
('RA008','RI014',2),
('RA008','RI009',1),
('RA008','RI002',3),
('RA008','RI007',2),
('RA009','RI012',2),
('RA009','RI005',3),
('RA009','RI003',3),
('RA009','RI007',4),
('RA009','RI014',4),
('RA009','RI001',5),
('RA009','RI013',2),
('RA009','RI015',1),
('RA010','RI014',2)